insert into stations values ("A", "Arena"), ("B", "Bridge"), ("C", "Cave"), ("D", "Dock"), ("E", "Edge");

-- bcrypt.hashpw("admin".encode(), "$2b$12$Lh9gc29tkPwGw0TPwTqjoO".encode()).decode()
-- bcrypt.hashpw("ishocon".encode(), "$2b$12$W2VwGdhCXQt4ef6Zbrxnke".encode()).decode()
insert into users (`id`, `name`, `hashed_password`, salt, is_admin, global_payment_token) values
("72b4f686-d283-4b63-b8bb-1e1fa7529c11", "admin", "$2b$12$Lh9gc29tkPwGw0TPwTqjoORtwJMvoJAXaXmurqNAcveQnSbHXkf8K", "$2b$12$Lh9gc29tkPwGw0TPwTqjoO", 1, "96d230c6-add1-498e-ac58-95212c9e869e"),
("aea4e2dc-3fb2-42eb-8070-97cf0c129a41", "ishocon", "$2b$12$W2VwGdhCXQt4ef6Zbrxnke4VO6PRVD0uZU5GAmVNjMp88CIT6hbI.", "$2b$12$W2VwGdhCXQt4ef6Zbrxnke", 0, "362f462c-1cb8-4054-890a-944c2b2437ef");

insert into train_models (`name`, `seat_rows`, `seat_columns`) values
("Economy-5", 10, 5),
("Economy-4", 10, 4),
("Business-4", 7, 4),
("First-3", 5, 3),
("Luxury-2", 2, 2);

insert into trains (`id`, `name`, `model_name`) values
(1, "E5001", "Economy-5"),
(2, "E5002", "Economy-5"),
(3, "E5003", "Economy-5"),
(4, "E4001", "Economy-4"),
(5, "E4002", "Economy-4"),
(6, "E4003", "Economy-4"),
(7, "B4001", "Business-4"),
(8, "B4002", "Business-4"),
(9, "F3001", "First-3"),
(10, "L2001", "Luxury-2");

insert into train_schedules (`id`, `train_id`, `departure_at_station_a_to_b`, `departure_at_station_b_to_c`, `departure_at_station_c_to_d`, `departure_at_station_d_to_e`, `departure_at_station_e_to_d`, `departure_at_station_d_to_c`, `departure_at_station_c_to_b`, `departure_at_station_b_to_a`) values
("E5001-1", 1, "00:10", "00:20", "00:30", "00:40", "00:50", "01:00", "01:10", "01:20"),
("E5001-2", 1, "09:10", "09:20", "09:30", "09:40", "09:50", "10:00", "10:10", "10:20"),
("E5001-3", 1, "18:10", "18:20", "18:30", "18:40", "18:50", "19:00", "19:10", "19:20"),
("E5001-4", 1, "21:10", "21:20", "21:30", "21:40", "21:50", "22:00", "22:10", "22:20"),
("E5002-1", 2, "02:15", "02:25", "02:35", "02:45", "02:55", "03:05", "03:15", "03:25"),
("E5002-2", 2, "11:15", "11:25", "11:35", "11:45", "11:55", "12:05", "12:15", "12:25"),
("E5002-3", 2, "20:15", "20:25", "20:35", "20:45", "20:55", "21:05", "21:15", "21:25"),
("E5003-1", 3, "04:20", "04:30", "04:40", "04:50", "05:00", "05:10", "05:20", "05:30"),
("E5003-2", 3, "13:20", "13:30", "13:40", "13:50", "14:00", "14:10", "14:20", "14:30"),
("E5003-3", 3, "22:20", "22:30", "22:40", "22:50", "23:00", "23:10", "23:20", "23:30"),
("E4001-1", 4, "06:25", "06:35", "06:45", "06:55", "07:05", "07:15", "07:25", "07:35"),
("E4001-2", 4, "15:25", "15:35", "15:45", "15:55", "16:05", "16:15", "16:25", "16:35"),
("E4001-3", 4, "00:25", "00:35", "00:45", "00:55", "01:05", "01:15", "01:25", "01:35"),
("E4002-1", 5, "08:30", "08:40", "08:50", "09:00", "09:10", "09:20", "09:30", "09:40"),
("E4002-2", 5, "17:30", "17:40", "17:50", "18:00", "18:10", "18:20", "18:30", "18:40"),
("E4002-3", 5, "02:30", "02:40", "02:50", "03:00", "03:10", "03:20", "03:30", "03:40"),
("E4003-1", 6, "10:35", "10:45", "10:55", "11:05", "11:15", "11:25", "11:35", "11:45"),
("E4003-2", 6, "19:35", "19:45", "19:55", "20:05", "20:15", "20:25", "20:35", "20:45"),
("B4001-1", 7, "12:40", "12:50", "13:00", "13:10", "13:20", "13:30", "13:40", "13:50"),
("B4001-2", 7, "21:40", "21:50", "22:00", "22:10", "22:20", "22:30", "22:40", "22:50"),
("B4002-1", 8, "14:45", "14:55", "15:05", "15:15", "15:25", "15:35", "15:45", "15:55"),
("B4002-2", 8, "23:45", "23:55", "00:05", "00:15", "00:25", "00:35", "00:45", "00:55"),
("F3001-1", 9, "16:50", "17:00", "17:10", "17:20", "17:30", "17:40", "17:50", "18:00"),
("L2001-1", 10, "18:55", "19:05", "19:15", "19:25", "19:35", "19:45", "19:55", "20:05");
